{
  "display": {
    "icon": {
      "item": "minecraft:player_head",
      "nbt": "{display:{Name:\"{\\\"text\\\":\\\"Villager\\\"}\"},SkullOwner:{Id:[I;1480608382,-1588769976,-1183003207,-1970401256],Properties:{textures:[{Value:\"eyJ0ZXh0dXJlcyI6eyJTS0lOIjp7InVybCI6Imh0dHA6Ly90ZXh0dXJlcy5taW5lY3JhZnQubmV0L3RleHR1cmUvNDFiODMwZWI0MDgyYWNlYzgzNmJjODM1ZTQwYTExMjgyYmI1MTE5MzMxNWY5MTE4NDMzN2U4ZDM1NTU1ODMifX19\"}]}}}"
    },
    "title": "Villager Editor",
    "description": "Adds a Book of Clickable Links to Customize Villagers to the Game",
    "background": "minecraft:blackstone",
    "show_toast": false,
    "announce_to_chat": false,
    "hidden": false
  },
  "parent": "plutopacks:root",
  "criteria": {
    "tick": {
      "trigger": "minecraft:tick"
    }
  }
}
