{
  "display": {
    "icon": {
      "item": "minecraft:player_head",
      "nbt": "{display:{Name:\"{\\\"text\\\":\\\"Killer Bunny\\\"}\"},SkullOwner:{Id:[I;951278082,1791380668,-1210684816,1130628757],Properties:{textures:[{Value:\"eyJ0ZXh0dXJlcyI6eyJTS0lOIjp7InVybCI6Imh0dHA6Ly90ZXh0dXJlcy5taW5lY3JhZnQubmV0L3RleHR1cmUvMWY1OTg1MWRlOTNmNGM2NTQ3ZjgwOWNhM2FlZDE4OWU5NGJiZjRmODg4ZjFmNzUyMDhlOTRjMzczMzg1MmExIn19fQ==\"}]}}}"
    },
    "title": "The Killer Bunny",
    "description": "Name a bunny \"Become Killer\", \"become killer\", \"Become_Killer\", or \"become_killer\" to turn it into a killer bunny",
    "background": "minecraft:textures/block/blackstone.png",
    "show_toast": false,
    "announce_to_chat": false,
    "hidden": false
  },
  "parent": "plutopacks:root",
  "criteria": {
    "tick": {
      "trigger": "minecraft:tick"
    }
  }
}